<beans xmlns="http://www.springframework.org/schema/beans"
xmlns:xsi="http://www.w3.org/2001/XMLSchema-instance"     xmlns:context="http://www.springframework.org/schema/context"
xmlns:mvc="http://www.springframework.org/schema/mvc"     xmlns:tx="http://www.springframework.org/schema/tx"
xsi:schemaLocation="http://www.springframework.org/schema/mvc http://www.springframework.org/schema/mvc/spring-mvc-3.2.xsd
http://www.springframework.org/schema/beans http://www.springframework.org/schema/beans/spring-beans.xsd
http://www.springframework.org/schema/tx http://www.springframework.org/schema/tx/spring-tx-3.2.xsd
http://www.springframework.org/schema/context http://www.springframework.org/schema/context/spring-context-3.2.xsd">


<context:component-scan base-package="Controller" />

<bean class="org.springframework.context.support.ResourceBundleMessageSource" 
id="messageSource">
<property name="basename" value="messages" />
</bean>

	<bean id="dataSource"
		class="org.springframework.jdbc.datasource.DriverManagerDataSource">
		<property name="driverClassName"
			value="com.mysql.jdbc.Driver" />
		<property name="url"
			value="jdbc:mysql://localhost:3306/ojt_database_student" />
		<property name="username" value="root" />
		<property name="password" value="root" />
	</bean>

	<bean id="transactionManager"
		class="org.springframework.jdbc.datasource.DataSourceTransactionManager">
		<property name="dataSource" ref="dataSource" />
	</bean>
	<tx:annotation-driven transaction-manager="transactionManager" />

	<bean id="sqlSessionFactory"
		class="org.mybatis.spring.SqlSessionFactoryBean">
		<property name="dataSource" ref="dataSource" />
	</bean>
	<bean id="sqlSession"
		class="org.mybatis.spring.SqlSessionTemplate">
		<constructor-arg index="0" ref="sqlSessionFactory" />
	</bean>
	<bean class="org.mybatis.spring.mapper.MapperScannerConfigurer">
		<property name="basePackage"
			value="myBatis.mapper" />
	</bean>

<mvc:resources mapping="/pages/**" location="/WEB-INF/pages/" />
<mvc:resources mapping="/resources/**" location="/resources/" cache-period="31556926"/>
<mvc:annotation-driven/>

<bean class="org.springframework.web.servlet.view.InternalResourceViewResolver">
<property name="prefix" value="/WEB-INF/jsp/" />
<property name="suffix" value=".jsp" />
</bean>

<!-- <bean class="myBatis.mapper.CourseStudent" id="courseStudentMyBatis"></bean>
<bean class="myBatis.mapper.StudentMyBatis" id="studentMyBatis"></bean> -->

<bean id="baseMapper" class="org.mybatis.spring.mapper.MapperFactoryBean" abstract="true" lazy-init="true">
     <property name="sqlSessionFactory" ref="sqlSessionFactory" />
   </bean>

   <bean id="courseStudentMyBatis" parent="baseMapper">
     <property name="mapperInterface" value="myBatis.mapper.CourseStudent" />
   </bean>

   <bean id="studentMyBatis" parent="baseMapper">
     <property name="mapperInterface" value="myBatis.mapper.StudentMyBatis" />
   </bean>

<bean id="courseStudentDAO" class="DAO.CourseStudentDAO"></bean>
<bean id="studentDAO" class="DAO.StudentDAO"></bean>
<bean id="userDAO" class="DAO.UserDAO"></bean>
<bean id="courseDAO" class="DAO.CourseDAO"></bean>

<mvc:annotation-driven/>

</beans>